@ano,Tipo,nomeProposicao,Ementa,DataApresentacao,Autor,genero,partidoAutor,ufAutor,Situacao,Casa,avaliacao
2011,PLS,PLS 151/2011,"Acrescenta parágrafo único ao art. 16 da Lei nº 11.340, de 7 de agosto de 2006 - ""Lei Maria da Penha"", para afastar a necessidade de realização da audiência para renúncia à representação.",2011-04-07,Magno Malta,Masculino,PL,ES,ARQUIVADA AO FINAL DA LEGISLATURA,Senado,
2011,PLS,PLS 443/2011,"Altera a Lei nº 11.340, de 7 de agosto de 2006 (Lei Maria da Penha), para garantir à mulher vítima de violência doméstica o recebimento de benefício eventual e a Lei nº 8.742, de 7 de dezembro de 1993 (Lei Orgânica da Assistência Social), para definir o termo ""situação de vulnerabilidade temporária"" de que trata o seu art. 22.",2011-08-03,Humberto Costa,Masculino,PT,PE,REMETIDA À CÂMARA DOS DEPUTADOS,Senado,
2012,PLS,PLS 47/2012,"Altera as Leis nº 11.340, de 7 de agosto de 2006, e nº 10.741, de 1º de outubro de 2003, para garantir à mulher idosa vítima de violência prioridade no atendimento policial e aplicação da Lei Maria da Penha.",2012-03-13,Ciro Nogueira,Masculino,PP,PI,MATÉRIA COM A RELATORIA,Senado,
2013,PLS,PLS 216/2013,"Altera a Lei n° 11.340, de 7 de agosto de 2006, que Cria mecanismos para coibir a violência doméstica e familiar contra a mulher, para determinar a reserva de vagas gratuitas nos cursos técnicos de formação inicial e continuada, oferecidos pelos Serviços Nacionais de aprendizagem, para mulheres em situação de violência doméstica e familiar.",2013-06-04,Ataídes Oliveira,Masculino,PSDB,TO,RETIRADA PELO AUTOR,Senado,
2013,PLS,PLS 233/2013,"Altera a Lei n° 11.340, de 7 de agosto de 2006, que Cria mecanismos para coibir a violência doméstica e familiar contra a mulher, para determinar a reserva de vagas gratuitas nos cursos técnicos de formação inicial e continuada, oferecidos pelos Serviços Nacionais de aprendizagem, para mulheres em situação de violência doméstica e familiar.",2013-06-17,Ataídes Oliveira,Masculino,PSDB,TO,REMETIDA À CÂMARA DOS DEPUTADOS,Senado,
2013,PLS,PLS 296/2013,"Altera a Lei nº 8.213, de 24 de julho de 1991, que dispõe sobre os Planos de Benefícios de Previdência Social e a Lei nº 11.340, de 7 de agosto de 2006, para instituir o auxílio-transitório decorrente de risco social provocado por situação de violência doméstica e familiar contra a mulher.",2013-07-15,CPMI - Violência contra a Mulher - 2012,,,,REMETIDA À CÂMARA DOS DEPUTADOS,Senado,
2013,PLS,PLS 328/2013,"Acrescenta parágrafo ao art. 20 da Lei nº 11.340, de 7 de agosto de 2006 (Lei Maria da Penha), para estabelecer a necessidade da realização de audiência de admoestação para a soltura dos agressores",2013-08-12,Pedro Taques,Masculino,PDT,MT,REMETIDA À CÂMARA DOS DEPUTADOS,Senado,
2013,PLS,PLS 393/2013,"Acrescenta o art. 120-A na Lei nº 8.213, de 24 de julho de 1991, para permitir que o Instituto Nacional do Seguro Social - INSS ajuíze ação regressiva, visando ao ressarcimento das despesas decorrentes dos custos com o tratamento da vítima de violência doméstica e familiar, quando o agressor for enquadrado na Lei nº 11.340, de 07 de agosto de 2006 (Lei Maria da Penha), e dá outras providências.",2013-09-25,Vanessa Grazziotin,Feminino,PCdoB,AM,ARQUIVADA AO FINAL DA LEGISLATURA,Senado,
2014,PLS,PLS 70/2014,"Acrescenta o art. 37-A à Lei nº11.340, de 7 de agosto de 2006, para estabelecer a obrigatoriedade da divulgação de informações sobre a Central de Atendimento à Mulher (Ligue 180) por empresas prestadoras de serviços de radiodifusão de sons (rádio) e de sons e imagens (televisão), por programadoras do serviço de acesso condicionado, por veículos impressos de comunicação e por portais de internet hospedados no País.",2014-03-11,Jayme Campos,Masculino,DEM,MT,ARQUIVADA AO FINAL DA LEGISLATURA,Senado,
2014,PLS,PLS 195/2014,"Altera a Lei nº 11.340, de 7 de agosto de 2006 (Lei Maria da Penha), para estabelecer a obrigatoriedade de colher provas e remeter boletim de ocorrência ao Juiz da Infância e da Juventude e ao Conselho Tutelar, no caso do envolvimento de criança ou adolescente como testemunha ou como vítima da agressão dirigida à mulher.",2014-05-28,Ângela Portela,Feminino,PT,RR,REMETIDA À CÂMARA DOS DEPUTADOS,Senado,
2014,PLS,PLS 197/2014,"Altera os arts. 19, 20 e 22 da Lei nº 11.340, de 7 de agosto de 2006 - Lei Maria da Penha -, a fim de possibilitar a aplicação das medidas protetivas de urgência nela previstas independentemente de sua vinculação a inquérito policial ou a processo penal contra o agressor, e dá outras providências.",2014-05-28,Pedro Taques,Masculino,PDT,MT,ARQUIVADA AO FINAL DA LEGISLATURA,Senado,
2015,PLS,PLS 90/2015,"Altera as Leis nº 10.741, de 1º de outubro de 2003 (Estatuto do Idoso), nº 8.069, de 13 de julho de 1.990 (Estatuto da Criança e do Adolescente), e nº 11.340, de 7 de agosto de 2.006 (Lei Maria da Penha), para aprimorar os mecanismos de proteção às pessoas em situação de vulnerabilidade.",2015-03-04,Humberto Costa,Masculino,PT,PE,AGUARDANDO DESIGNAÇÃO DO RELATOR,Senado,
2015,PLS,PLS 119/2015,"Altera a Lei nº 11.340, de 7 de agosto de 2006, que cria mecanismos para coibir a violência doméstica e familiar contra a mulher (Lei Maria da Penha), para dispor sobre o uso do “botão do pânico” no cumprimento das medidas protetivas de urgência.",2015-03-17,Maria do Carmo Alves,Feminino,DEM,SE,REMETIDA À CÂMARA DOS DEPUTADOS,Senado,
2015,PLS,PLS 427/2015,"Altera a Lei nº 11.340, de 7 de agosto de 2006 (Lei Maria da Penha), para criar o banco de dados de medidas protetivas de urgência e possibilitar ao delegado de polícia o deferimento de determinadas medidas protetivas de urgência, desde o primeiro atendimento à mulher.",2015-07-02,Magno Malta,Masculino,PL,ES,ARQUIVADA AO FINAL DA LEGISLATURA,Senado,
2015,PLS,PLS 547/2015,"Altera a Lei nº 11.340, de 7 de agosto de 2006 (Lei Maria da Penha), para instituir o programa Patrulha Maria da Penha.",2015-08-19,Gleisi Hoffmann,Feminino,PT,PR,REMETIDA À CÂMARA DOS DEPUTADOS,Senado,
2016,PLS,PLS 9/2016,"Altera a Lei nº 11.340, de 7 de agosto de 2006 (Lei Maria da Penha), para estabelecer a medida protetiva de frequência a centro de educação e reabilitação do agressor.",2016-02-02,Comissão de Direitos Humanos e Legislação Participativa,,,,REMETIDA À CÂMARA DOS DEPUTADOS,Senado,
2016,PLS,PLS 28/2016,"Altera a Lei nº 11.340, de 7 de agosto de 2006, ampliando situações que tipificam a violência doméstica e familiar contra a mulher, as garantias e meios de proteção da vítima.",2016-02-16,Hélio José,Masculino,PMB,DF,ARQUIVADA AO FINAL DA LEGISLATURA,Senado,
2016,PLS,PLS 324/2016,"Acrescenta parágrafo único ao art. 16 da Lei nº. 11.340, de 7 de agosto de 2006 – Lei Maria da Penha-, para instituir prazo de reflexão à renúncia de representação.",2016-08-31,Eduardo Lopes,Masculino,REPUBLICANOS,RJ,ARQUIVADA AO FINAL DA LEGISLATURA,Senado,
2017,PLS,PLS 191/2017,"Altera a redação do art. 2º da Lei nº 11.340, de 7 de agosto de 2006 – Lei Maria da Penha –, para assegurar à mulher as oportunidades e facilidades para viver sem violência, independentemente de sua identidade de gênero.",2017-06-13,Jorge Viana,Masculino,PT,AC,PRONTO PARA DELIBERAÇÃO DO PLENÁRIO,Senado,
2018,PLS,PLS 137/2018,"Altera os arts. 101 e 130 da Lei nº 8.069, de 13 de julho de 1990; o art. 45 da Lei nº 10.741, de 1º de outubro de 2003; os arts. 18, 19, 22, 23 e 24 da Lei nº 11.340, de 7 de agosto de 2006; e o art. 26 da Lei nº 13.146, de 6 de julho de 2015, para que o defensor público, o delegado de polícia e o membro do Ministério Público possam conceder medidas protetivas de urgência a mulheres, crianças, idosos e pessoas com deficiência que sejam vítimas de violência.",2018-03-27,Humberto Costa,Masculino,PT,PE,AGUARDANDO DESIGNAÇÃO DO RELATOR,Senado,
2018,PLS,PLS 265/2018,"Altera o art. 9º da Lei nº 11.340, de 7 de agosto de 2006, para estabelecer o direito da mulher vítima de violência doméstica e familiar e de seus dependentes à prioridade em matrícula ou rematrícula em instituições de ensino.",2018-05-28,Magno Malta,Masculino,PL,ES,MATÉRIA COM A RELATORIA,Senado,
2018,PLS,PLS 381/2018,"Altera os arts. 32, 121, 129 e 213 do Decreto-Lei nº 2.848, de 7 de dezembro de 1940 (Código Penal) e acrescenta o art. 41-A na Lei nº 11.340, de 7 de agosto de 2006, para prever a pena de perda de bens e valores ao autor de crimes de lesões corporais contra a mulher, feminicídio, estupro e dos praticados com violência doméstica e familiar contra a mulher.",2018-09-04,Cristovam Buarque,Masculino,CIDADANIA,DF,PRONTA PARA A PAUTA NA COMISSÃO,Senado,
2018,PLS,PLS 423/2018,"Altera os arts. 20 e 24-A da Lei nº 11.340, de 7 de agosto de 2006, para determinar que a revogação da prisão, em casos de violência doméstica e familiar contra a mulher, somente possa ocorrer após a elaboração de laudo psicológico que verifique o grau de probabilidade de o agressor reincidir contra esta ou outras mulheres.",2018-10-29,Kátia Abreu,Feminino,PDT,,REMETIDA À CÂMARA DOS DEPUTADOS,Senado,
2019,PL,PL 17/2019,"Altera a Lei nº 11.340, de 7 de agosto de 2006 (Lei Maria da Penha), para prever a apreensão de arma de fogo como medida protetiva à vítima de violência doméstica, na forma em que especifica.",2019-03-13,Alessandro Molon,Masculino,PSB,RJ,TRANSFORMADA EM NORMA JURÍDICA,Câmara,Favorável
2019,PL,PL 510/2019,"Altera a Lei nº 11.340, de 7 de agosto de 2006 (Lei Maria da Penha), para atribuir aos Juizados de Violência Doméstica e Familiar contra a Mulher a competência para julgar as ações de divórcio e de dissolução de união estável, a pedido da ofendida, e a Lei nº 13.105, de 16 de março de 2015 (Código de Processo Civil).",2019-03-27,Luiz Lima,Masculino,PSL,RJ,TRANSFORMADA EM NORMA JURÍDICA COM VETO PARCIAL,Câmara,Favorável
2019,PL,PL 1380/2019,"Altera a Lei nº 11.340, de 7 de agosto de 2006 (Lei Maria da Penha), para dispor sobre o pagamento de indenização por danos morais decorrentes de prática de violência contra a mulher.",2019-04-15,Júnior Bozzella,Masculino,PSL,SP,AGUARDANDO DESIGNAÇÃO DO RELATOR,Câmara,Favorável
2019,PL,PL 1619/2019,"Altera a Lei nº 11.340, de 7 de agosto de 2006 (Lei Maria da Penha), para garantir a matrícula dos dependentes da mulher vítima de violência doméstica e familiar em instituição de educação básica mais próxima de seu domicílio.",2019-03-20,Geovania de Sá,Feminino,PSDB,SC,TRANSFORMADA EM NORMA JURÍDICA,Senado,Favorável
2019,PL,PL 1729/2019,"Altera a Lei nº 11.340, de 7 de agosto de 2006, para vedar a nomeação, para cargo ou emprego público, de condenados por crime de violência contra a mulher.",2019-03-26,Jayme Campos,Masculino,DEM,MT,PRONTA PARA A PAUTA NA COMISSÃO,Senado,Desfavorável
2019,PL,PL 1822/2019,"Altera a Lei nº 11.340, de 7 de agosto de 2006 – Lei Maria da Penha.",2019-03-27,Fabiano Contarato,Masculino,REDE,ES,AGUARDANDO DESIGNAÇÃO DO RELATOR,Senado,Desfavorável
2019,PL,PL 1950/2019,"Altera a Lei nº 11.340, de 7 de agosto de 2006, para vedar a nomeação de condenados por crime de violência contra a mulher.",2019-04-02,Romário,Masculino,PODEMOS,RJ,AGUARDANDO DESIGNAÇÃO DO RELATOR,Senado,Desfavorável
2019,PL,PL 2027/2019,"Altera a Lei nº 11.340, de 7 de agosto de 2006, para vedar a nomeação de condenados por crime de violência contra a mulher.",2019-04-03,Jorge Kajuru,Masculino,PSB,GO,AGUARDANDO DESIGNAÇÃO DO RELATOR,Senado,Desfavorável
2019,PL,PL 2757/2019,"Altera o art. 17 da Lei nº 11.340, de 7 de agosto de 2006, para impossibilitar a aplicação de penas alternativas para os crimes praticados com violência ou grave ameaça em contexto de violência doméstica e familiar contra a mulher.",2019-05-08,Zenaide Maia,Feminino,PROS,RN,AGUARDANDO DESIGNAÇÃO DO RELATOR,Senado,Favorável
2019,PL,PL 3154/2019,"Altera a Lei nº 11.340, de 7 de agosto de 2006, para dispor sobre programas de enfrentamento da violência doméstica e familiar em estabelecimentos de ensino.",2019-05-28,Nelsinho Trad,Masculino,PSD,MS,MATÉRIA COM A RELATORIA,Senado,Favorável
2019,PL,PL 3257/2019,"Altera a Lei nº 11.340, de 7 de agosto de 2006, para incluir como causa de afastamento do agressor do lar a violência psicológica, moral ou patrimonial contra a mulher.",2019-06-03,Daniella Ribeiro,Feminino,PP,PB,INCLUÍDA NA PAUTA DA REUNIÃO,Senado,Favorável
2019,PL,PL 3980/2019,"Altera a Lei nº 11.340, de 7 de agosto de 2006 (Lei Maria da Penha), para incluir a utilização de equipamento de monitoração eletrônica pelo agressor nas garantias de efetividade das medidas protetivas de urgência.",2019-07-09,Renilde Bulhões,Feminino,PROS,AL,AGUARDANDO DESIGNAÇÃO DO RELATOR,Senado,Favorável
2019,PL,PL 5278/2019,"Altera a Lei nº 11.340, de 7 de agosto de 2006, (Lei Maria da Penha) para determinar o uso de instrumentos tecnológicos na aplicação de medidas protetivas, a fim de garantir o monitoramento do seu cumprimento.",2019-09-30,Jorge Kajuru,Masculino,CIDADANIA,GO,MATÉRIA COM A RELATORIA,Senado,Favorável
2019,PL,PL 5609/2019,"Altera a Lei nº 11.340, de 7 de agosto de 2006, que cria mecanismos para coibir a violência doméstica e familiar contra a mulher, para aperfeiçoar a proteção da mulher.",2019-10-22,Fernando Bezerra Coelho,Masculino,MDB,PE,MATÉRIA COM A RELATORIA,Senado,Favorável
2011,PL,PL 1322/2011,"Altera os arts. 88 e 89 da Lei nº 9.099, de 26 de setembro de 1995 (Lei dos Juizados Especiais Cíveis e Criminais), para vedar a suspensão condicional do processo e a ação penal condicionada à representação nos crimes cometidos com violência doméstica ou familiar contra a mulher, e o art. 16 da Lei nº 11.340, de 7 de agosto de 2006 (Lei Maria da Penha), para estabelecer prioridade às ações penais que especifica.",40852,Senado Federal - Gleisi Hoffmann,,PT,PR,CCJC - Aguardando Designação de Relator,Câmara,
2011,PL,PL 2451/2011,"Acrescenta dispositivos à Lei nº 11.340, de 07 de agosto de 2006, que ""Cria mecanismos para coibir a violência doméstica e familiar contra a mulher, nos termos do § 8º do art. 226 da Constituição Federal, da Convenção sobre a Eliminação de Todas as Formas de Discriminação contra as Mulheres e da Convenção Interamericana para Prevenir, Punir e Erradicar a Violência contra a Mulher; dispõe sobre a criação dos Juizados de Violência Doméstica e Familiar contra a Mulher; altera o Código de Processo Penal, o Código Penal e a Lei de Execução Penal; e dá outras providências."" - Lei Maria da Penha, criando novas garantias para a mulher.",40643,Anthony Garotinho,Masculino,PR,RJ,CCJC - Tramitando em Conjunto,Câmara,
2012,PL,PL 3396/2012,"Dá nova redação ao inciso II do art. 35 da Lei nº 11.340, de 7 de agosto de 2006, Lei Maria da Penha, substituindo o termo ""menor"" pela expressão ""crianças e adolescentes"", e dá outras providências.",41124,Sueli Vidigal,Feminino,PDT,ES,MESA - Arquivada,Câmara,
2012,PL,PL 3888/2012,"Altera o art. 41 da Lei nº 11.340, de 7 de agosto de 2006, que ""cria mecanismos para coibir a violência doméstica e familiar contra a mulher, nos termos do §8º do art. 226 da Constituição Federal, da Convenção sobre a Eliminação de Todas as Formas de Discriminação contra as Mulheres e da Convenção Interamericana para Prevenir, Punir e Erradicar a Violência contra a Mulher; dispõe sobre a criação dos Juizados de Violência Doméstica e Familiar contra a Mulher; altera o Código de Processo Penal, o Código Penal e a Lei de Execução Penal; e dá outras providências"".",17/05/2012,Sandra Rosado,Feminino,PSB,RN,PLEN - Pronta para Pauta,Câmara,
2012,PL,PL 4381/2012,"Acrescenta art. 17-A à Lei nº 11.340, de 7 de agosto de 2006, que cria mecanismos para coibir a violência doméstica e familiar contra a mulher, para dispor sobre o direito de regresso da Previdência Social perante o agressor.",41008,Amauri Teixeira,Masculino,PT,BA,MESA - Arquivada,Câmara,
2012,PL,PL 4413/2012,"Acrescenta o art. 31-A à Lei nº 11.340, de 7 de agosto de 2006, que ""cria mecanismos para coibir a violência doméstica e familiar contra a mulher, nos termos do § 8º do art. 226 da Constituição Federal, da Convenção sobre a Eliminação de Todas as Formas de Discriminação contra as Mulheres e da Convenção Interamericana para Prevenir, Punir e Erradicar a Violência contra a Mulher; dispõe sobre a criação dos Juizados de Violência Doméstica e Familiar contra a Mulher; altera o Código de Processo Penal, o Código Penal e a Lei de Execução Penal; e dá outras providências"".",41038,Otoniel Lima,Masculino,PRB,SP,MESA - Arquivada,Câmara,
2012,PL,PL 4501/2012,"Dispõe sobre a repressão à violência contra a mulher, alterando dispositivos da Lei nº 11.340, de 7 de agosto de 2006 - Lei Maria da Penha, e dá outras providências.",41162,Aline Corrêa,Feminino,PP,SP,MESA - Arquivada,Câmara,
2013,PL,PL 4972/2013,"Modifica a Lei nº 11.340, de 7 de agosto de 2006 - Lei Maria da Penha, para estabelecer o uso de monitoramento eletrônico como meio de fiscalizar o cumprimento das medidas protetivas de urgência que obrigam o agressor.",41488,Davi Alcolumbre,Masculino,DEM,AP,CCP - Tramitando em Conjunto,Câmara,
2013,PL,PL 5114/2013,"Altera o Decreto-Lei nº 2.848, de 7 de dezembro de 1940 (Código Penal), e a Lei nº 11.340, de 7 de agosto de 2006 (Lei Maria da Penha), para aperfeiçoar a legislação no que tange à violência doméstica contra a mulher.",41458,Manuela D'ávila,Feminino,PCdoB,RS,CMULHER - Tramitando em Conjunto,Câmara,
2013,PL,PL 5161/2013,"Altera a Lei nº 11.340, de 7 de agosto de 2006, dando nova redação aos arts. 20, caput, e 22, § 3º, com a finalidade de monitorar e assegurar o cumprimento de medidas protetivas de urgência que determinem o afastamento físico entre agressor, vítima e testemunhas nos casos de prática de violência doméstica e familiar contra a mulher.",14/03/2013,Ronaldo Caiado,Masculino,DEM,GO,CCP - Tramitando em Conjunto,Câmara,
2013,PL,PL 5555/2013,"Altera a Lei nº 11.340, de 7 de agosto de 2006 - Lei Maria da Penha - criando mecanismos para o combate a condutas ofensivas contra a mulher na Internet ou em outros meios de propagação da informação.

NOVA EMENTA: Inclui a comunicação no rol de direitos assegurados à mulher pela Lei Maria da Penha, bem como reconhece que a violação da sua intimidade consiste em uma das formas de violência doméstica e familiar; tipifica a exposição pública da intimidade sexual; e altera a Lei n° 11.340 de 7 de agosto de 2006 (Lei Maria da Penha), e o Decreto-Lei n° 2.848, de 7 de dezembro de 1940 (Código Penal).",41522,João Arruda,Masculino,PMDB,PR,Tranformada no(a) Lei Ordinária 13772/2018,Câmara,
2013,PL,PL 5718/2013,"Acrescenta o art. 37-A à Lei nº 11.340, de 7 de agosto de 2006, para estabelecer a obrigatoriedade da divulgação de informações sobre a Central de Atendimento à Mulher (Ligue 180) por empresas prestadoras de serviços de radiodifusão de sons (rádio) e de sons e imagens (televisão), por programadoras do serviço de acesso condicionado, por veículos impressos de comunicação e por portais de internet hospedados no País.",41400,Júlio Campos,Masculino,DEM,MT,MESA - Arquivada,Câmara,
2013,PL,PL 5822/2013,"Inclui a violação da intimidade da mulher na internet entre as formas de violência doméstica e familiar constantes na Lei Nº 11.340, de 7 de agosto de 2006, Lei Maria da Penha.",25/06/2013,Rosane Ferreira,Feminino,PV,PR,MESA - Arquivada,Câmara,
2013,PL,PL 5940/2013,"Acrescenta inciso ao art. 23 da Lei nº 11.340, de 7 de agosto de 2006, para conferir ao juiz poderes para determinar a matrícula dos dependentes de mulheres vítimas de violência doméstica ou familiar, em escolas próximas do novo domicílio, em caso de necessidade de afastamento do lar.",41554,Major Fábio,Masculino,DEM,PB,MESA - Arquivada,Câmara,
2013,PL,PL 6008/2013,"Altera a Lei nº 11.340, de 7 de agosto de 2006, para disciplinar aspecto referente à prisão preventiva, ao prazo procedimental, à concessão ou manutenção de medidas protetivas de urgência, no caso de sentença condenatória, e vedar a concessão de fiança pela autoridade policial nos casos de violência doméstica e familiar contra a mulher.",17/07/2013,Comissão Parlamentar Mista de Inquérito com a finalidade de investigar a situação da violência contra a mulher no Brasil e apurar denúncias de omissão por parte do poder público com relação à aplicação de instrumentos instituídos em lei para proteger as mulheres em situação de violência,,,,PLEN - Pronta para Pauta,Câmara,
2013,PL,PL 6011/2013,"Altera a Lei nº 8.742, de 07 de dezembro de 1993, e art. 9º da Lei nº 11.340, de 07 de agosto de 2006, para instituir a garantia de benefício mensal à mulher vítima ou em situação de violência doméstica e familiar que não possuir meios de prover a própria manutenção ou de tê-la provida por sua família, enquanto durar a violência.",17/07/2013,Comissão Parlamentar Mista de Inquérito com a finalidade de investigar a situação da violência contra a mulher no Brasil e apurar denúncias de omissão por parte do poder público com relação à aplicação de instrumentos instituídos em lei para proteger as mulheres em situação de violência,,,,PLEN - Pronta para Pauta,Câmara,
2013,PL,PL 6265/2013,"Acrescenta dispositivo à Lei nº 11.340, de 7 de agosto de 2006, que ""Cria mecanismos para coibir a violência doméstica e familiar contra a mulher, nos termos do § 8º do art. 226 da Constituição Federal, da Convenção sobre a Eliminação de Todas as Formas de Discriminação contra as Mulheres e da Convenção Interamericana para Prevenir, Punir e Erradicar a Violência contra a Mulher; dispõe sobre a criação dos Juizados de Violência Doméstica e Familiar contra a Mulher; altera o Código de Processo Penal, o Código Penal e a Lei de Execução Penal; e dá outras providências"".",41373,Eliene Lima,Feminino,PSD,MT,MESA - Arquivada,Câmara,
2013,PL,PL 6296/2013,"Altera a Lei nº 8.213, de 24 de julho de 1991, e a Lei nº 11.340, de 7 de agosto de 2006, para instituir o auxílio-transitório decorrente de risco social provocado por comprovada situação de violência doméstica e familiar contra a mulher.",41403,Senado Federal - CPMI - Violência contra a Mulher - 2012,,,,PLEN - Pronta para Pauta,Câmara,
2013,PL,PL 6433/2013,"Altera e acrescenta dispositivos à Lei nº 11.340, de 7 de agosto de 2006, e da outras providências.

NOVA EMENTA: Altera a Lei nº 11.340, de 7 de agosto de 2006, para autorizar, nas hipóteses que especifica, a aplicação de medida protetiva de urgência, pela autoridade judicial ou policial, à mulher em situação de violência doméstica e familiar ou a seus dependentes e dá outras providências.",25/09/2013,Bernardo Santana de Vasconcellos,Masculino,PR,MG,Tranformada no(a) Lei Ordinária 13827/2019,Câmara,
2013,PL,PL 6773/2013,"Acrescenta o art. 12-A à Lei nº 11.340, de 7 de agosto de 2006, para definir normas gerais para a composição das equipes policiais de atenção à mulher vítima de violência doméstica ou familiar.",19/11/2013,Sueli Vidigal,Feminino,PDT,ES,MESA - Arquivada,Câmara,
2013,PL,PL 6895/2013,"Altera a Lei nº 11.340, de 7 de agosto de 2006, criando o art. 11-A, que dispõe sobre o fornecimento do ""botão do pânico"" para as mulheres em situação de risco, nas condições que especifica.",41376,Gonzaga Patriota,Masculino,PSB,PE,CCP - Tramitando em Conjunto,Câmara,
2013,PL,PL 7025/2013,"Altera a Lei nº 11.340 de 7 de agosto de 2006, que cria mecanismos para coibir a violência doméstica e familiar contra a mulher, nos termos do § 8º do art. 226 da Constituição Federal, da Convenção sobre a Eliminação de Todas as Formas de Discriminação contra as Mulheres e da Convenção Interamericana para Prevenir, Punir e Erradicar a Violência contra a Mulher; dispõe sobre a criação dos Juizados de Violência Doméstica e Familiar contra a Mulher; altera o Código de Processo Penal e o Código Penal; e dá outras providências.",20/12/2013,Iara Bernardi,Feminino,PT,SP,CMULHER - Tramitando em Conjunto,Câmara,
2014,PL,PL 7048/2014,"Acrescenta dispositivo ao art. 12 da Lei nº 11.340, de 7 de agosto de 2006, para tornar obrigatória a informação sobre a condição de pessoa com deficiência da mulher vítima de agressão doméstica ou familiar e dá outras providências.",41761,Rosinha da Adefal,Feminino,PTdoB,AL,MESA - Arquivada,Câmara,
2014,PL,PL 7056/2014,"Altera o § 9º do art. 129 do Decreto-lei nº 2.848, de 7 de dezembro de 1940 - Código Penal, para aumentar a pena mínima aplicável ao crime de violência doméstica e familiar contra a mulher, bem como os arts. 9º, 11º e 22º da Lei nº 11.340, de 7 de agosto de 2006.",41761,José Mentor,Masculino,PT,SP,CMULHER - Tramitando em Conjunto,Câmara,
2014,PL,PL 7163/2014,"Amplia o rol de hipóteses que configuram a violência doméstica e familiar contra a mulher, modificando a Lei nº 11.340, de 7 de agosto de 2006 - Lei Maria da Penha.",19/02/2014,Erika Kokay,Feminino,PT,DF,CSSF - Pronta para Pauta,Câmara,
2014,PL,PL 7376/2014,"Tipifica o crime de descumprimento de medidas protetivas da Lei nº 11.340, de 07 de agosto de 2006 - Lei Maria da Penha.",41824,Fábio Trad,Masculino,PMDB,MS,MESA - Arquivada,Câmara,
2014,PL,PL 7545/2014,"Acrescenta dispositivo à Lei nº 11.340, de 7 de agosto de 2006, para regular o serviço telefônico de denúncias a respeito de violência contra a mulher",13/05/2014,Nilson Leitão,Masculino,PSDB,MT,MESA - Retirado pelo Autor,Câmara,
2014,PL,PL 7551/2014,"Altera os artigos 5º e 8º da Lei nº 11.340, de 7 de agosto de 2006, que cria mecanismos para coibir a violência doméstica e familiar contra a mulher, substituindo o termo gênero por sexo.",14/05/2014,Salvador Zimbaldi,Masculino,PROS,SP,MESA - Arquivada,Câmara,
2014,PL,PL 8032/2014,"Amplia a proteção de que trata a Lei 11.340, de 7 de agosto de 2006 - Lei Maria da Penha - às pessoas transexuais e transgêneros.",28/10/2014,Jandira Feghali,Feminino,PCdoB,RJ,CDHM - Aguardando Parecer,Câmara,
2014,PL,PL 8257/2014,"Altera a Lei nº 11.340, de 07 de agosto de 2006, para criar o banco de dados sobre medidas protetivas de urgência e estabelecer a possibilidade de deferimento de medidas protetivas de urgência desde o primeiro atendimento à mulher vítima de violência doméstica e familiar.",15/12/2014,Ronaldo Fonseca,Masculino,PROS,DF,MESA - Arquivada,Câmara,
2015,PL,PL 8330/2015,"Altera a Lei n° 11.340, de 7 de agosto de 2006 (Lei Maria da Penha). para garantir à mulher vítima de violência doméstica o recebimento de beneficio eventual, e a Lei n° 8.742, de 7 de dezembro de 1993 (Lei Orgânica da Assistência Social), para definir o termo ""situação de vulnerabilidade temporária"" de que trata o seu art. 22"".",42248,Senado Federal - Humberto Costa,,PT,PE,CCJC - Pronta para Pauta,Câmara,
2015,PL,PL 36/2015,"Acrescenta o art. 12-A à Lei nº 11.340, de 7 de agosto de 2006, para definir normas gerais para a composição das equipes policiais de atenção à mulher vítima de violência doméstica ou familiar.",42037,Sergio Vidigal,Masculino,PDT,ES,Tranformada no(a) Lei Ordinária 13505/2017,Câmara,
2015,PL,PL 42/2015,"Altera a Lei nº 11.340, de 7 de agosto de 2006, para reconhecer o direito de acesso ao atendimento policial especial ininterrupto como direito fundamental da mulher.",42037,Sergio Vidigal,Masculino,PDT,ES,CCJC - Pronta para Pauta,Câmara,
2015,PL,PL 44/2015,"Dá nova redação ao inciso II do art. 35 da Lei n. 11.340, de 7 de agosto de 2006, Lei Maria da Penha, substituindo o termo ""menor"" pela expressão ""crianças e adolescentes, e dá outras providências.",42037,Sergio Vidigal,Masculino,PDT,ES,CCJC - Aguardando Designação de Relator,Câmara,
2015,PL,PL 170/2015,"Inclui a violação da intimidade da mulher na internet entre as formas de violência doméstica e familiar constantes na Lei 11.340, de 7 de agosto de 2006, Lei Maria da Penha.",42096,Carmen Zanotto,Feminino,PPS,SC,MESA - Arquivada,Câmara,
2015,PL,PL 173/2015,"Tipifica o crime de descumprimento de medidas protetivas da Lei 11.340, de 07 de agosto de 2006 - Lei Maria da Penha.",42096,Alceu Moreira,Masculino,PMDB,RS,Tranformada no(a) Lei Ordinária 13641/2018,Câmara,
2015,PL,PL 290/2015,"Acrescenta art. 17-A à Lei nº 11.340, de 7 de agosto de 2006, que cria mecanismos para coibir a violência doméstica e familiar contra a mulher, para dispor sobre o direito de regresso da Previdência Social perante o agressor",42279,Valmir Assunção,Masculino,PT,BA,CFT - Aguardando Parecer,Câmara,
2015,PL,PL 345/2015,"Modifica a Lei n.º 11.340, de 7 de Agosto de 2006 - Lei Maria da Penha, para estabelecer o uso de monitoramento eletrônico como meio de fiscalizar o cumprimento das medidas protetivas de urgência que obrigam o agressor.",42310,Rosangela Gomes,Feminino,PRB,RJ,MESA - Retirado pelo Autor,Câmara,
2015,PL,PL 347/2015,"Acrescenta dispositivo ao art. 12 da Lei nº 11.340, de 7 de agosto de 2006, para tornar obrigatória a informação sobre a condição de pessoa com deficiência da mulher vítima de agressão doméstica ou familiar e dá outras providências.",42310,Rosangela Gomes,Feminino,PRB,RJ,Tranformada no(a) Lei Ordinária 13836/2019,Câmara,
2015,PL,PL 422/2015,"Acrescenta art. 17-A à Lei nº 11.340, de 7 de agosto de 2006, que cria mecanismos para coibir a violência doméstica e familiar contra a mulher, para dispor sobre o direito de regresso da Previdência Social perante o agressor.",24/02/2015,Jorge Solla,Masculino,PT,BA,CFT - Tramitando em Conjunto,Câmara,
2015,PL,PL 477/2015,"Altera os artigos 5º e 8º da Lei nº 11.340,de 7 de agosto de 2006, que cria mecanismos para coibir a violência doméstica e familiar contra a mulher, substituindo o termo gênero por sexo.",25/02/2015,Eros Biondini,Masculino,PTB,MG,MESA - Retirado pelo Autor,Câmara,
2015,PL,PL 788/2015,"Acrescenta dispositivo à Lei Nº 11.340, de 7 de agosto de 2006, Lei Maria da Penha, que cria mecanismos para coibir a violência doméstica e familiar contra a mulher.",18/03/2015,Rejane Dias,Feminino,PT,PI,MESA - Arquivada,Câmara,
2015,PL,PL 854/2015,"Torna obrigatória a manutenção de ao menos 1 (um) exemplar da Lei Maria da Penha em escolas e bibliotecas públicas, unidades de saúde e delegacias de polícia.",19/03/2015,Conceição Sampaio,Feminino,PP,AM,MESA - Arquivada,Câmara,
2015,PL,PL 1180/2015,"Altera a Lei nº 11.340, de 7 de agosto de 2006, que cria mecanismos para coibir a violência doméstica e familiar contra a mulher (Lei Maria da Penha), para dispor sobre o uso do ""botão do pânico"" como serviço de fiscalização das medidas protetivas de urgência.",16/04/2015,Tia Eron,Feminino,PRB,BA,CCP - Tramitando em Conjunto,Câmara,
2015,PL,PL 1507/2015,"Acrescenta dispositivo ao art. 12 da Lei nº 11.340, de 7 de agosto de 2006, para tornar obrigatória a informação sobre a condição de pessoa com deficiência da mulher vítima de agressão doméstica ou familiar e dá outras providências.",13/05/2015,Dâmina Pereira,Feminino,PMN,MG,MESA - Retirado pelo Autor,Câmara,
2015,PL,PL 2030/2015,"Altera a Lei Maria da Penha para aplicar as condutas descritas na referida Lei ao homem, quando ele, comprovadamente, sofrer violência doméstica.",18/06/2015,Vinicius Carvalho,Masculino,PRB,SP,CSSF - Tramitando em Conjunto,Câmara,
2015,PL,PL 2362/2015,"Altera a Lei nº 11.340, de 7 de agosto de 2006 - Lei Maria da Penha -, para garantir o direito à cirurgia plástica reparadora, no âmbito do Sistema Único de Saúde, à mulher vítima de violência doméstica da qual tenham resultado sequelas físicas.",14/07/2015,Alfredo Nascimento,Masculino,PR,AM,MESA - Arquivada,Câmara,
2015,PL,PL 2973/2015,"Acrescenta inciso ao art. 23 da Lei nº 11.340, de 7 de agosto de 2006, para conferir ao juiz poderes para determinar a matrícula dos dependentes de mulheres vítimas de violência doméstica ou familiar, em escolas próximas do novo domicílio, em caso de necessidade de afastamento do lar.",15/09/2015,Rômulo Gouveia,Masculino,PSD,PB,CCJC - Aguardando Parecer,Câmara,
2015,PL,PL 3030/2015,"Altera o art. 121 do Decreto-lei nº 2.848, de 7 de dezembro de 1940 - Código Penal, para aumentar a pena do feminicídio se o crime for praticado em descumprimento de medida protetiva de urgência prevista no art. 22 da Lei nº 11.340, de 7 de agosto de 2006.

NOVA EMENTA: Altera o art. 121 do Decreto-Lei nº 2.848, de 7 de dezembro de 1940 - Código Penal.",17/09/2015,Lincoln Portela,Masculino,PR,MG,Tranformada no(a) Lei Ordinária 13771/2018,Câmara,
2015,PL,PL 3370/2015,"Altera a Lei nº 11.340, de 7 de agosto de 2006 (Lei Maria da Penha), para conferir ao juiz poderes para determinar a matrícula dos dependentes de mulheres vítimas de violência doméstica ou familiar em escolas próximas do novo domicílio, em caso de necessidade de afastamento do lar.",21/10/2015,Rosangela Gomes,Feminino,PRB,RJ,CCJC - Tramitando em Conjunto,Câmara,
2015,PL,PL 3796/2015,"Altera a redação dos artigos 12 da Lei 11.340, de 7 de agosto de 2006 (Lei Maria da Penha), para obrigar a comunicação do registro da ocorrência ao juiz competente e ao Ministério Público.",42016,Ezequiel Teixeira,Masculino,PMB,RJ,CMULHER - Tramitando em Conjunto,Câmara,
2015,PL,PL 3846/2015,"Acrescenta art. 17-A à Lei nº 11.340, de 7 de agosto de 2006, que cria mecanismos para coibir a violência doméstica e familiar contra a mulher, para dispor sobre o direito de regresso da Previdência Social perante o agressor.",42075,Angela Albino,Feminino,PCdoB,SC,CFT - Tramitando em Conjunto,Câmara,
2015,PL,PL 4105/2015,"Acrescenta o Art.9º-A a Lei n° 11.340, de 7 de agosto de 2006, para determinar a reserva de vagas gratuitas nos cursos técnicos de formação inicial e continuada, oferecidos pelos Serviços Nacionais de aprendizagem, para mulheres em situação de violência doméstica e familiar.",16/12/2015,Marcelo Belinati,Masculino,PP,PR,MESA - Arquivada,Câmara,
2016,PL,PL 4325/2016,"Acrescenta dispositivo à Lei nº 11.340, de 7 de agosto de 2006, para dispor sobre o direito da mulher que sofre violência doméstica ao atendimento policial especializado e ininterrupto.",42462,Luiz Couto,Masculino,PT,PB,MESA - Arquivada,Câmara,
2016,PL,PL 4330/2016,"Acrescenta dispositivo à Lei nº 11.340, de 7 de agosto de 2006, para regular a divulgação do serviço telefônico de denúncias a respeito de violência contra a mulher.",42462,Laura Carneiro,Feminino,PMDB,RJ,MESA - Arquivada,Câmara,
2016,PL,PL 4527/2016,"Tipifica a divulgação de foto ou vídeo íntimo de mulher, alterando o Decreto-Lei nº 2.848, de 7 de dezembro de 1940, Código Penal, e inserindo a conduta no âmbito protetivo do sistema de combate à violência contra a mulher, da Lei nº 11.340, de 7 de agosto de 2006.",24/02/2016,Carlos Henrique Gaguim,Masculino,PMB,TO,MESA - Arquivada,Câmara,
2016,PL,PL 4528/2016,"Esclarece que o namoro insere-se no âmbito protetivo do sistema de combate à violência contra a mulher, acrescentando o inciso IV no caput do art. 5º da Lei nº 11.340, de 7 de agosto de 2006.",24/02/2016,Carlos Henrique Gaguim,Masculino,PMB,TO,MESA - Arquivada,Câmara,
2016,PL,PL 4620/2016,"Acrescenta parágrafo ao art. 23 da Lei nº 11.340, de 7 de agosto de 2006, para assegurar aos dependentes em idade escolar de mulher vítima de violência doméstica ou familiar, em caso de mudança de domicílio por ordem judicial, o direito à matrícula em escolas de educação básica mais próximas da nova residência.",42432,Carlos Henrique Gaguim,Masculino,PMB,TO,CCJC - Tramitando em Conjunto,Câmara,
2016,PL,PL 4654/2016,"Altera a Lei nº 11.340 de 2006 acerca do atendimento das Delegacias Especializadas à Mulher (DEAMS), na forma que especifica.",42585,Miguel Haddad,Masculino,PSDB,SP,CMULHER - Tramitando em Conjunto,Câmara,
2016,PL,PL 4955/2016,"Dispõe sobre o afastamento temporário das funções de agente público investigado por violência doméstica e familiar contra a mulher, nos termos da Lei nº 11.340, de 7 de agosto de 2006.",42555,Erika Kokay,Feminino,PT,DF,CCJC - Aguardando Designação de Relator,Câmara,
2016,PL,PL 5001/2016,"Acrescenta inciso V ao art. 23 da Lei nº 11.340, de 7 de agosto de 2006 (Lei Maria da Penha), para estabelecer, como medida protetiva de urgência à ofendida, a frequência do agressor a centro de educação e de reabilitação.

NOVA EMENTA: Altera o art. 22 da Lei nº 11.340, de 7 de agosto de 2006 (Lei Maria da Penha), para estabelecer como medidas protetivas de urgência frequência do agressor a centro de educação e de reabilitação e acompanhamento psicossocial.",42708,Senado Federal - Comissão de Direitos Humanos e Legislação Participativa,,,,MESA - Aguardando Apreciação pelo Senado Federal,Câmara,
2016,PL,PL 5346/2016,"Acrescenta dispositivo à Lei Maria da Penha, para dar prioridade às mulheres vítimas de violência doméstica e familiar na realização de exames periciais. 

NOVA EMENTA: Acrescenta dispositivo à Lei nº 11.340, de 7 de agosto de 2006 (Lei Maria da Penha), para dar prioridade às mulheres vítimas de violência doméstica e familiar na realização de exames periciais.",19/05/2016,Laudivio Carvalho,Feminino,SD,MG,MESA - Aguardando Apreciação pelo Senado Federal,Câmara,
2016,PL,PL 5409/2016,"Altera a Lei n. 11.340, de 7 de agosto de 2006, para reconhecer o direito de acesso ao atendimento policial especial ininterrupto como direito fundamental da mulher.",31/05/2016,Laudivio Carvalho,Feminino,SD,MG,CMULHER - Aguardando Parecer,Câmara,
2016,PL,PL 5465/2016,"Acrescenta dispositivo à Lei nº 11.340, de 7 de agosto de 2006, para regular a divulgação do serviço telefônico de denúncias a respeito de violência contra a mulher.",42406,Laura Carneiro,Feminino,PMDB,RJ,CFT - Aguardando Parecer,Câmara,
2016,PL,PL 5564/2016,"Acrescenta inciso VI ao art 22. da Lei n. 11.340, de 11 de agosto de 2006 - Lei Maria da Penha, e altera o parágrafo único do art. 152 da Lei n. 7.210, de 11 de julho de 1984 (Lei de Execução Penal), com redação dada pela Lei n. 11.340, de 11 de agosto de 2006, para obrigar o agressor à participação em programa de recuperação e reeducação.",14/06/2016,Creuza Pereira,Feminino,PSB,PE,MESA - Arquivada,Câmara,
2016,PL,PL 6129/2016,"Altera a Lei nº 10.201, de 14 de fevereiro de 2001, para incluir os programas de combate e prevenção de violência contra a mulher como modalidade de projeto apoiado pelo Fundo Nacional de Segurança Pública e altera a Lei nº 11.340, de 7 de agosto de 2006, autorizando o uso de recursos do Fundo Nacional de Segurança Pública em ações envolvendo prevenção e combate à violência doméstica e familiar.",13/09/2016,Flavinho,Masculino,PSB,SP,MESA - Arquivada,Câmara,
2016,PL,PL 6232/2016,"Altera a Lei 11.340, de 7 de agosto de 2006 para acrescentar o seguinte artigo 9-A para obrigar a notificação compulsória nos casos de suspeita ou confirmação de violência doméstica ou familiar contra a mulher pelos serviços de saúde públicos e privados à autoridade sanitária.",42470,Laura Carneiro,Feminino,PMDB,RJ,CSSF - Tramitando em Conjunto,Câmara,
2016,PL,PL 6739/2016,"Acrescenta dispositivo à Lei nº 11.340, de 7 de agosto de 2006, para dispor sobre o direito da mulher que sofre violência doméstica ao atendimento policial especializado.",15/12/2016,Moema Gramacho,Feminino,PT,BA,CMULHER - Tramitando em Conjunto,Câmara,
2017,PL,PL 6833/2017,"Acrescenta dispositivo à Lei nº 11.340, de 7 de agosto de 2006 (Lei Maria da Penha), para assegurar prioridade na tramitação dos processos e procedimentos decorrentes da prática de violência doméstica e familiar contra a mulher.",42918,Laura Carneiro,Feminino,PMDB,RJ,CCJC - Tramitando em Conjunto,Câmara,
2017,PL,PL 6838/2017,"Altera o inciso II do art. 5º da Lei n° 11.340, de 7 de agosto de 2006 (Lei Maria da Penha), para caracterizar o ambiente familiar como representativo na violência contra a mulher.",42918,Dr. Sinval Malheiros,Masculino,PTN,SP,CSSF - Tramitando em Conjunto,Câmara,
2017,PL,PL 6872/2017,"Altera o artigo 330 do Decreto-Lei nº 2.848, de 7 de dezembro de 1940 - Código Penal, para criminalizar a desobediência à mediada protetiva, e altera o artigo 19 da Lei no 11.340, de 7 de agosto de 2006 - Lei Maria da Penha, para estabelecer que a medida protetiva é independente da instauração de inquérito policial, investigação criminal ou processo penal.",42980,Moses Rodrigues,Masculino,PMDB,CE,MESA - Arquivada,Câmara,
2017,PL,PL 6915/2017,"Altera a Lei nº 11.340, de 7 de agosto de 2006 - Lei Maria da Penha - para vedar que pessoas com histórico de autoria de violência doméstica e familiar contra a mulher trabalhem em instituições que cuidam do atendimento a vítimas desse tipo de violência; para estabelecer a necessidade de capacitação, formação e treinamento dos profissionais que atuam no atendimento às vítimas; e para dar competência aos delegados de polícia para expedição de medidas protetivas em caráter provisório.",15/02/2017,Erika Kokay,Feminino,PT,DF,MESA - Retirado pelo Autor,Câmara,
2017,PL,PL 6939/2017,Estende as medidas protetivas de urgência previstas na Lei Maria da Penha às mulheres agredidas por homens que não estejam em mesmo ambiente familiar e com quem não tenham relação afetiva.,15/02/2017,Fábio Faria,Masculino,PSD,RN,CSSF - Tramitando em Conjunto,Câmara,
2017,PL,PL 6996/2017,"Altera o art. 41 da Lei nº 11.340, de 7 de agosto de 2006, para que às contravenções penais praticadas no âmbito da violência doméstica contra a mulher não seja aplicada a Lei nº 9.099, de 26 de setembro de 1995.",22/02/2017,Flávia Morais,Feminino,PDT,GO,PLEN - Tramitando em Conjunto,Câmara,
2017,PL,PL 7180/2017,"Altera o art. 12 da Lei nº 11.340, de 7 de agosto de 2006 (Lei Maria da Penha), para estabelecer a obrigatoriedade de se colher provas e de se remeter informações e eventuais provas ao Juiz da Infância e da Juventude e ao Conselho Tutelar no caso de envolvimento de criança ou adolescente como testemunha ou como vítima da agressão.",21/03/2017,Senado Federal - Ângela Portela,,PT,RR,CSSF - Aguardando Parecer,Câmara,
2017,PL,PL 7181/2017,"Altera a Lei nº 11.340, de 7 de agosto de 2006 (Lei Maria da Penha), para instituir o programa Patrulha Maria da Penha, e a Lei nº 11.473, de 10 de maio de 2007, para inserir a proteção à mulher em situação de violência doméstica e familiar como atividade imprescindível à preservação da ordem pública e da incolumidade das pessoas e do patrimônio.",21/03/2017,Senado Federal - Gleise Hoffmann,,PT,PR,CSPCCO - Pronta para Pauta,Câmara,
2017,PL,PL 7302/2017,"Altera a Lei nº 11.340, de 7 de agosto de 2006 - Lei Maria da Penha - para vedar que pessoas com histórico de autoria de violência doméstica e familiar contra a mulher trabalhem em instituições que cuidam do atendimento a vítimas desse tipo de violência; e para estabelecer a necessidade de capacitação, formação e treinamento dos profissionais que atuam no atendimento às vítimas.",42829,Erika Kokay,Feminino,PT,DF,CMULHER - Tramitando em Conjunto,Câmara,
2017,PL,PL 8050/2017,"Altera a ementa e os arts. 1o, 14, 29, 33, 34, da Lei no 11.340, de 7 de agosto de 2006 - Lei Maria da Penha, para substituir a expressão ""Juizados de Violência Doméstica e Familiar contra a Mulher"" por ""Varas Especializadas de Violência Doméstica e Familiar contra a Mulher"", com os devidos ajustes redacionais.",42893,Mauro Mariani,Masculino,PMDB,SC,MESA - Arquivada,Câmara,
2017,PL,PL 8114/2017,"Altera as Leis n° 10.826, de 22 de dezem-bro de 2003 - Estatuto do Desarmamento, a Lei nº 11.340, de 7 de agosto de 2006 - Lei Maria da Penha, e a Lei nº 8.069, de 13 de julho de 1990 - Estatuto da Criança e do Adolescente, para aprimorar a política de controle de armas e munições do país e dá outras providências.",42743,Evair Vieira de Melo,Masculino,PV,ES,MESA - Retirado pelo Autor,Câmara,
2017,PL,PL 8223/2017,"""Altera a Lei nº 11.340, de 07 de agosto de 2006, que cria mecanismos para coibir a violência doméstica e familiar contra a mulher, nos termos do § 8º do art. 226 da Constituição Federal, da Convenção sobre a Eliminação de todas as Formas de Discriminação contra as Mulheres e da Convenção Interamericana para Prevenir, Punir e Erradicar a Violência contra a Mulher; dispõe sobre a criação dos Juizados de Violência Doméstica e Familiar contra a Mulher; altera o Código de Processo Penal, o Código Penal e a Lei de Execução Penal; e dá outras providências, para dispor sobre o descumprimento de medidas protetivas"".",42986,Francisco Floriano,Masculino,DEM,RJ,MESA - Arquivada,Câmara,
2017,PL,PL 8372/2017,"Determina que conste nos sistemas de registro de informações das polícias civil e militar a concessão de medidas protetivas da Lei nº 11.340, de 7 de agosto de 2006 - Lei Maria da Penha",23/08/2017,Pollyana Gama,Feminino,PPS,SP,MESA - Arquivada,Câmara,
2017,PL,PL 9061/2017,"Altera a Lei n° 11.340, de 7 de agosto de 2006 - Lei Maria da Penha, a Lei nº 8.069, de 13 de julho de 1990 - Estatuto da Criança e do Adolescente, e a Lei nº 10.826, de 22 de dezembro de 2003 - Estatuto do Desarmamento.",42958,Alessandro Molon,Masculino,REDE,RJ,MESA - Arquivada,Câmara,
2017,PL,PL 9085/2017,"Altera a Lei nº 11.340, de 7 de agosto de 2006, que cria mecanismos para coibir a violência doméstica e familiar contra a mulher, nos termos do § 8º do art. 226 da Constituição, da Convenção sobre a Eliminação de Todas as Formas de Discriminação contra as Mulheres e da Convenção Interamericana para Prevenir, Punir e Erradicar a Violência contra a Mulher, e dispõe sobre a criação dos Juizados de Violência Doméstica e Familiar contra a Mulher.",43019,Poder Executivo,,,,MESA - Arquivada,Câmara,
2017,PL,PL 9141/2017,"Acrescenta o art. 16-A à Lei nº 11.340, de 7 de agosto de 2006, que cria mecanismos para coibir a violência doméstica e familiar contra a mulher, nos termos do § 8o do art. 226 da Constituição Federal, da Convenção sobre a Eliminação de Todas as Formas de Discriminação contra as Mulheres e da Convenção Interamericana para Prevenir, Punir e Erradicar a Violência contra a Mulher; dispõe sobre a criação dos Juizados de Violência Doméstica e Familiar contra a Mulher; altera o Código de Processo Penal, o Código Penal e a Lei de Execução Penal.",22/11/2017,Augusto Carvalho,Masculino,SD,DF,CMULHER - Tramitando em Conjunto,Câmara,
2017,PL,PL 9337/2017,"Altera a redação do art. 5º da Lei n.º 11.340, de 7 de agosto de 2006, que cria mecanismos para coibir a violência doméstica e familiar contra a mulher, nos termos do § 8o do art. 226 da Constituição Federal",13/12/2017,Cleber Verde,Masculino,PRB,MA,CSSF - Tramitando em Conjunto,Câmara,
2018,PL,PL 9930/2018,"Criminaliza a divulgação, sem consentimento, de foto, vídeo ou outros materiais relativos à intimidade de mulher, modificando o Decreto-Lei nº 2.848, de 7 de dezembro de 1940, Código Penal, e acrescentando o comportamento no plano de proteção do sistema de combate à violência contra a mulher, da Lei nº 11.340, de 7 de agosto de 2006.",43163,Erika Kokay,Feminino,PT,DF,CMULHER - Aguardando Parecer,Câmara,
2018,PL,PL 10018/2018,"Altera a Lei nº 11.340, de 7 de agosto de 2006 (Lei Maria da Penha), para determinar reserva de vagas em cursos oferecidos pelos Serviços Nacionais de Aprendizagem e pelo Sebrae às mulheres em situação de violência doméstica e familiar.",43408,Senado Federal - Ataídes Oliveira,,PSDB,TO,CTASP - Aguardando Parecer,Câmara,
2018,PL,PL 10019/2018,"Altera a Lei nº 11.340, de 7 de agosto de 2006 (Lei Maria da Penha), para dispor sobre a necessidade de realização de audiência de admoestação para a soltura de agressor em caso de revogação de prisão preventiva.",43408,Senado Federal - Pedro Taques,,PDT,MT,CMULHER - Aguardando Parecer,Câmara,
2018,PL,PL 10024/2018,"Altera a Lei nº 11.340, de 7 de agosto de 2006 (Lei Maria da Penha), para dispor sobre o uso de dispositivo móvel de segurança para conferir maior efetividade às medidas protetivas de urgência.",43408,Senado Federal - Maria do Carmo Alves,,DEM,SE,Diversas,Câmara,
2018,PRC,PRC 315/2018,"Projeto de Resolução que institui, no âmbito da Câmara dos Deputados, a Medalha Maria da Penha.",43317,Iracema Portella,Feminino,PP,PI,MESA - Aguardando Parecer,Câmara,
2018,PL,PL 10239/2018,"Acrescenta inciso ao art. 24 da Lei nº 11.340, de 7 de agosto de 2006, que cria mecanismos para coibir a violência doméstica e familiar contra a mulher, nos termos do § 8o do art. 226 da Constituição Federal, da Convenção sobre a Eliminação de Todas as Formas de Discriminação contra as Mulheres e da Convenção Interamericana para Prevenir, Punir e Erradicar a Violência contra a Mulher; dispõe sobre a criação dos Juizados de Violência Doméstica e Familiar contra a Mulher; altera o Código de Processo Penal, o Código Penal e a Lei de Execução Penal (Lei Maria da Penha)",16/05/2018,Augusto Carvalho,Masculino,SD,DF,MESA - Arquivada,Câmara,
2018,PL,PL 10285/2018,"Altera a Lei nº 9.394, de 20 de dezembro de 1996 (Lei de Diretrizes e Bases da Educação Nacional), para tornar obrigatória a manutenção de exemplares da Constituição Federal, da Consolidação das Leis do Trabalho (CLT), do Estatuto da Criança e do Adolescente (ECA), do Estatuto da Juventude, do Estatuto do Idoso, do Estatuto da Igualdade Racial, do Estatuto da Pessoa com Deficiência e da Lei Maria da Penha nas escolas públicas e privadas.",22/05/2018,Senado Federal - Donizeti Nogueira,,PT,TO,CE - Pronta para Pauta,Câmara,
2018,PL,PL 10586/2018,"Acrescenta dispositivo à Lei nº 11.340/2006 - Lei Maria da Penha, para permitir que mulheres brasileiras, vítimas de violência doméstica no exterior, possam optar por seu domicilio original para os processos regidos por esta lei, e nele permanecer até a definição judicial.",43411,Marcelo Ortiz,Masculino,PODE,SP,MESA - Arquivada,Câmara,
2018,PL,PL 10843/2018,"Altera o dispositivo do Artigo 45 da Lei 10.741, de 1º de outubro de 2003, para dispor sobre a aplicação de medida protetiva à pessoa idosa em situação de violência doméstica, nos moldes da Lei nº 11.340, de 7 de agosto de 2006.",43169,Vitor Paulo,Masculino,PRB,DF,CCJC - Tramitando em Conjunto,Câmara,
2018,PL,PL 10986/2018,"Torna obrigatória a manutenção de ao menos 1 (um) exemplar da Lei Maria da Penha em escolas e bibliotecas públicas, unidades de saúde, hospitais públicos e delegacias de polícia.",20/11/2018,Carlos Henrique Gaguim,Masculino,DEM,TO,CMULHER - Pronta para Pauta,Câmara,
2019,PL,PL 2438/2019,"Acrescenta os §§4º e 5º ao art. 9º da Lei nº 11.340, de 7 de agosto de 2006, para dispor sobre a responsabilidade do agressor em ressarcir os custos relacionados aos serviços de saúde prestados pelo Sistema Único de Saúde - SUS e aos dispositivos de segurança em caso de pânico, utilizados pelas vítimas de violência doméstica e familiar.

NOVA EMENTA: Altera a Lei nº 11.340, de 7 de agosto de 2006 (Lei Maria da Penha), para dispor sobre a responsabilidade do agressor pelo ressarcimento dos custos relacionados aos serviços de saúde prestados pelo Sistema Único de Saúde (SUS) às vítimas de violência doméstica e familiar e aos dispositivos de segurança por elas utilizados.",43223,Rafael Motta,Masculino,PSB,RN,Tranformada no(a) Lei Ordinária 13871/2019,Câmara,Favorável
2019,PL,PL 112/2019,"Torna obrigatória a manutenção de ao menos 1 (um) exemplar da Lei Maria da Penha em escolas e bibliotecas públicas, unidades de saúde e delegacias de polícia.",43557,Renata Abreu,Feminino,PODE,SP,CMULHER - Tramitando em Conjunto,Câmara,Favorável
2019,PL,PL 123/2019,"Altera a Lei nº 10.201, de 14 de fevereiro de 2001, para incluir os programas de combate e prevenção de violência contra a mulher como modalidade de projeto apoiado pelo Fundo Nacional de Segurança Pública e altera a Lei nº 11.340, de 7 de agosto de 2006, autorizando o uso de recursos do Fundo Nacional de Segurança Pública em ações envolvendo prevenção e combate à violência doméstica e familiar.",43557,Renata Abreu,Feminino,PODE,SP,CMULHER - Pronta para Pauta,Câmara,Favorável
2019,PL,PL 415/2019,"Altera a Lei nº 11.340 de 2006 acerca do atendimento das Delegacias Especializadas à Mulher (DEAMS), na forma que especifica.",43587,Rubens Bueno,Masculino,PPS,PR,CMULHER - Tramitando em Conjunto,Câmara,Favorável
2019,PL,PL 453/2019,"Altera o parágrafo 9o do art. 129 do Decreto-lei no 2.848, de 7 de dezembro de 1940 - Código Penal, para aumentar a pena mínima aplicável ao crime de violência doméstica e familiar contra a mulher, bem como os artigos 9o, 11o e 22o da Lei 11.340 de 7 de agosto de 2006.",43587,Valmir Assunção,Masculino,,,CMULHER - Aguardando Parecer,Câmara,Desfavorável
2019,PL,PL 588/2019,"Modifica a Lei n.º 11.340, de 7 de Agosto de 2006 - Lei Maria da Penha, para estabelecer o uso de monitoramento eletrônico como meio de fiscalizar o cumprimento das medidas protetivas, bem como para disponibilizar mecanismo com ""Botão de Pânico"" para as vítimas.",43771,Capitão Alberto Neto,Masculino,PRB,AM,CCP - Tramitando em Conjunto,Câmara,Favorável
2019,PL,PL 852/2019,"Institui a ""Campanha Nacional Maria da Penha nas Escolas"" e dá outras providências.",19/02/2019,Sâmia Bomfim,Feminino,PSOL,SP,CCJC - Tramitando em Conjunto,Câmara,Favorável
2019,PL,PL 856/2019,"Altera a Lei 11.340, de 7 de agosto de 2006, para estabelecer punições mais efetivas para casos de violência doméstica e familiar contra a mulher e para dar outras providências, e altera o Decreto-Lei 2.848, de 7 de dezembro de 1940, para estabelecer penas maiores para casos de violência contra a mulher.",19/02/2019,Célio Studart,Masculino,PV,CE,CMULHER - Tramitando em Conjunto,Câmara,Favorável
2019,PL,PL 886/2019,"Altera o artigo 9º, inciso II, da Lei nº 11.340, de 7 de agosto de 2006, que cria mecanismos para coibir a violência doméstica e familiar contra a mulher; e altera e acrescenta dispositivos na Lei nº 8.213, de 24 de julho de 1991, que dispõe sobre os Planos de Benefícios da Previdência Social e dá outras providências.",19/02/2019,Célio Silveira,Masculino,PSDB,GO,CTASP - Aguardando Parecer,Câmara,Favorável
2019,PL,PL 903/2019,"Altera a Lei nº 11.340, de 2006 (Lei Maria da Penha) para estabelecer o uso de monitoração eletrônica pelo agressor e uso de rastreador pela vítima dentre as medidas protetivas de urgência.",19/02/2019,Augusto Coutinho,Masculino,SOLIDARI,PE,CCP - Tramitando em Conjunto,Câmara,Favorável
2019,PL,PL 976/2019,"Determina que conste nos sistemas de registro de informações das polícias civil e militar a concessão de medidas protetivas da Lei nº 11.340, de 7 de agosto de 2006 - Lei Maria da Penha.",20/02/2019,Flávia Morais,Feminino,PDT,GO,CCJC - Aguardando Designação de Relator,Câmara,Favorável
2019,PL,PL 1190/2019,"Altera a Lei nº 11.340, de 07 de agosto de 2006, acrescentando o art. 43-A, para inabilitar a pessoa condenada por crime praticado com violência contra a mulher para o exercício funções de confiança e cargos em comissão na administração pública.",27/02/2019,Márcio Marinho,Masculino,PRB,BA,CTASP - Tramitando em Conjunto,Câmara,Favorável
2019,PL,PL 1309/2019,"Altera a Lei n° 11.340, de 7 de agosto de 2006 - Lei Maria da Penha e dá outras providências.",43802,Daniel Silveira,Masculino,PSL,RJ,CMULHER - Tramitando em Conjunto,Câmara,Favorável
2019,PL,PL 1320/2019,"Acrescenta dispositivos na Lei nº 11.340, de 7 de agosto de 2006, a Lei Maria da Penha, para instituir na União, Estados e Distrito Federal, o Cadastro de Agressores de Mulheres",43802,Dr. Jaziel,Masculino,PR,CE,CSPCCO - Aguardando Designação de Relator,Câmara,Favorável
2019,PL,PL 1337/2019,"Altera o art. 22 da Lei n° 11.340, de 7 de agosto de 2006, com a finalidade de criar mecanismos para dar maior efetividade ao cumprimento de medidas protetivas de urgência que determinem o afastamento físico entre agressor e vítima nos casos de prática de violência doméstica e familiar contra a mulher.",43802,Rose Modesto,Feminino,PSDB,MS,CCP - Tramitando em Conjunto,Câmara,Favorável
2019,PL,PL 1379/2019,"Dispõe sobre a alteração da Lei de nº 8.036, de 11 de maio de 1990 e da Lei nº 11.340, de 7 de agosto de 2006, para tratar sobre o Fundo de Garantia por Tempo de Serviço (FGTS), e torna facultativo o saque do FGTS à mulher trabalhadora vítima de violência doméstica.",43802,Júnior Bozzella,Masculino,PSL,SP,CMULHER - Pronta para Pauta,Câmara,Favorável
2019,PL,PL 1447/2019,"Altera a Lei nº 11.340, de 7 de agosto de 2006 (Lei Maria da Penha), para instituir a distribuição de material educativo em toda a rede pública de ensino.",13/03/2019,Rose Modesto,Feminino,PSDB,MS,CCJC - Tramitando em Conjunto,Câmara,#N/A
2019,PL,PL 1610/2019,"Altera a Lei nº 11.340, de 7 de agosto de 2006, autorizando o uso de recursos do Fundo Nacional de Segurança Pública em ações envolvendo prevenção e combate à violência doméstica e familiar e inclui programas de combate e prevenção de violência contra a mulher como modalidade de projeto apoiado pelo Fundo Nacional de Segurança Pública na Lei nº 10.201, de 14 de fevereiro de 2001.",20/03/2019,Carmen Zanotto,Feminino,PPS,SC,CMULHER - Tramitando em Conjunto,Câmara,Favorável
2019,PL,PL 1655/2019,"Altera a Lei nº 8.213, de 24 de julho de 1991, e a Lei nº 11.340, de 7 de agosto de 2006 (Lei Maria da Penha), para dispor sobre o dever de o agressor indenizar a Previdência Social pelos valores pagos a título de benefícios previdenciários concedidos em decorrência de atos de violência doméstica e familiar.",20/03/2019,Senado Federal - Marta Suplicy,,MDB,SP,CSSF - Pronta para Pauta,Câmara,#N/A
2019,PL,PL 1674/2019,"Altera o inciso I do art. 1º da Lei Complementar nº 64, de 18 de maio de 1990 (Lei de Inelegibilidade), para tornar inelegíveis os que forem condenados em decisão transitada em julgado ou proferida por órgão colegiado, por prática de crimes previstos na Lei nº 8.069, de 13 de julho de 1990 (ECA), na Lei nº 10.741, de 1º de outubro de 2003 (Estatuto do Idoso) e na Lei 11.340, de 07 de agosto de 2006 (Lei Maria da Penha).",21/03/2019,Mara Rocha,Feminino,PSDB,AC,MESA - Retirado pelo Autor,Câmara,#N/A
2019,PL,PL 1841/2019,Altera o Código Penal para incluirmos casos envolvendo condenação nas situações previstas na Lei Maria da Penha a vedação de nomeação em cargos em comissão.,28/03/2019,Júnior Mano,Masculino,PR,CE,CTASP - Tramitação do Requerimento Finalizada,Câmara,Favorável
2019,PLP,PLP 87/2019,"Altera o inciso I do art. 1º da Lei Complementar nº 64, de 18 de maio de 1990 (Lei de Inelegibilidade), para tornar inelegíveis os que forem condenados em decisão transitada em julgado ou proferida por órgão colegiado, por prática de crimes previstos na Lei nº 8.069, de 13 de julho de 1990 (ECA), na Lei nº 10.741, de 1º de outubro de 2003 (Estatuto do Idoso) e na Lei 11.340, de 07 de agosto de 2006 (Lei Maria da Penha).",28/03/2019,Mara Rocha,Feminino,PSDB,AC,CCJC - Tramitando em Conjunto,Câmara,#N/A
2019,PL,PL 1891/2019,Dispõe do prazo de realização da prisão em flagrante nos crimes elencados na Lei Maria da Penha.,28/03/2019,Juninho do Pneu,Masculino,DEM,RJ,PL804510 - Tramitando em Conjunto,Câmara,Favorável
2019,PL,PL 1982/2019,"Acrescenta dispositivo à Lei nº 11.340/2006 - Lei Maria da Penha, para permitir que mulheres brasileiras, vítimas de violência doméstica no exterior, possam optar por seu domicilio original para os processos regidos por esta lei, e nele permanecer até a definição judicial",43528,Leandre,Feminino,PV,PR,CMULHER - Pronta para Pauta,Câmara,Favorável
2019,PL,PL 2041/2019,"Altera a Lei no 11.340, de 7 de agosto de 2006 - Lei Maria da Penha, para prever como medida protetiva de urgência que obrigam o agressor a utilização de tornozeleira eletrônica e altera a da Lei no 7.210, de 11 de julho de 1984, Lei de Execução Penal, determinando que a utilização dos equipamentos de monitoramento eletrônico seja custeada pelos condenados.",43528,Hugo Leal,Masculino,PSD,RJ,CCP - Tramitando em Conjunto,Câmara,Desfavorável
2019,PL,PL 2147/2019,"Fica proibida a nomeação para os cargos em comissão, de livre nomeação e exoneração, em qualquer esfera pública federal, de pessoas que tiverem sido condenadas nas condições previstas na Lei Federal nº 11.340, de 07 de agosto de 2006 - Lei Maria da Penha.",43712,Boca Aberta,Masculino,PROS,PR,CTASP - Tramitando em Conjunto,Câmara,Favorável
2019,PL,PL 2150/2019,"Acrescenta dispositivo à Lei nº 11.340/2006 e aplica Tolerância Zero ao registro de violência doméstica e familiar contra mulher, esposa, namorada, união estável, relação homo afetivas e afins, em âmbito nacional e dá outras providências.",43712,Boca Aberta,Masculino,PROS,PR,Diversas,Câmara,Favorável
2019,PL,PL 2217/2019,"Altera o art. 16 da Lei n° 11.340, de 7 de agosto de 2006, a chamada ""Lei Maria da Penha"", para garantir a persecução penal através de ação penal pública incondicionada em todos os casos de crimes de violência doméstica e familiar contra a mulher, à exceção dos crimes contra a honra, nos quais, para as ações penais privadas nesse contexto, só serão admitidas a reconciliação, renúncia ou o perdão, perante o juiz, em audiência especialmente designada com tal finalidade, e ouvido o Ministério Público.",43742,Guilherme Derrite,Masculino,PP,SP,CMULHER - Tramitando em Conjunto,Câmara,Desfavorável
2019,PL,PL 2251/2019,"Acrescenta dispositivo à Lei nº 11.340, de 7 de agosto de 2006, que ""Cria mecanismos para coibir a violência doméstica e familiar contra a mulher, nos termos do § 8º do art. 226 da Constituição Federal, da Convenção sobre a Eliminação de Todas as Formas de Discriminação contra as Mulheres e da Convenção Interamericana para Prevenir, Punir e Erradicar a Violência contra a Mulher; dispõe sobre a criação dos Juizados de Violência Doméstica e Familiar contra a Mulher; altera o Código de Processo Penal, o Código Penal e a Lei de Execução Penal; e dá outras providências.""",43773,Elcione Barbalho,Feminino,MDB,PA,CSSF - Tramitando em Conjunto,Câmara,Favorável
2019,PL,PL 2263/2019,"Acrescenta dispositivo à Lei nº 11.340, de 7 de agosto de 2006, para dispor sobre o direito da mulher que sofre violência doméstica ao atendimento preferencial nos casos de aparente lesão corporal e sofrimento físico ou sexual.",43773,Aroldo Martins,Masculino,PRB,PR,CMULHER - Tramitando em Conjunto,Câmara,Favorável
2019,PL,PL 2697/2019,"Acrescenta o art. 38-A à Lei nº 11.340, de 7 de agosto de 2006, Lei Maria da Penha, para estabelecer a obrigatoriedade da divulgação de informações sobre a Central de Atendimento à Mulher.",43682,Rejane Dias,Feminino,PT,PI,CMULHER - Tramitando em Conjunto,Câmara,Favorável
2019,PL,PL 2737/2019,"Altera as Leis n° 11.340, de 7 de agosto de 2006, e n° 13.239, de 30 de dezembro de 2015, para estabelecer prioridade de atendimento social, psicológico e médico a mulheres vítimas de violência",43682,André Ferreira,Masculino,PSC,PE,CSSF - Pronta para Pauta,Câmara,Favorável
2019,PL,PL 2802/2019,Obriga que homens que estejam cumprindo medidas protetivas de urgência previstas na Lei Maria da Penha façam uso de tornozeleiras eletrônicas e ressarçam ao Estado os gastos com o equipamento.,43713,Gustinho Ribeiro,Masculino,SOLIDARI,SE,CCP - Tramitando em Conjunto,Câmara,Favorável
2019,PL,PL 3059/2019,"Altera a Lei nº 11.340, de 6 de agosto de 2006 (Lei Maria da Penha) para incluir o Artigo 41-A, que dispõe sobre a não aplicabilidade das escusas absolutórias dos artigos 181 e 182 do Código Penal às infrações de violência doméstica e familiar contra a mulher.",22/05/2019,Natália Bonavides,Feminino,PT,RN,PLEN - Tramitando em Conjunto,Câmara,Desfavorável
2019,PL,PL 3106/2019,"Altera a Lei nº 11.340, de 7 de agosto de 2006, para vedar a nomeação de condenados por crime de violência contra a mulher.",23/05/2019,Pompeo de Mattos,Masculino,PDT,RS,CTASP - Tramitando em Conjunto,Câmara,Desfavorável
2019,PL,PL 3290/2019,"Altera a Lei nº 11.340, de 7 de agosto de 2006, para determinar a reserva de unidades habitacionais, em programas públicos ou subsidiados com recursos públicos, para atendimento de mulheres em situação de violência doméstica e familiar que possuam medidas protetivas de urgência, conforme os termos fixados pela Lei.",43561,Pedro Augusto Bezerra,Masculino,PTB,CE,CCP - Tramitando em Conjunto,Câmara,Favorável
2019,PL,PL 3574/2019,"Altera a Lei 11.340, de 7 de agosto de 2006, para incluir determinação aos sistemas de ensino para que promovam ações de divulgação de noções básicas sobre a Lei Maria da Penha.",17/06/2019,Fábio Henrique,Masculino,PDT,SE,CCJC - Tramitando em Conjunto,Câmara,Favorável
2019,PL,PL 3579/2019,"Acrescenta inciso ao art. 8º da Lei nº 11.340, de 7 de agosto de 2006 (Lei Maria da Penha), para incluir ação preventiva em condomínios residenciais.",17/06/2019,Gil Cutrim,Masculino,PDT,MA,CSPCCO - Tramitando em Conjunto,Câmara,Favorável
2019,PL,PL 3793/2019,Dispõe sobre a obrigatoriedade de informação sobre a existência da Lei Maria da Penha como requisito para expedição de alvará.,43503,Professora Rosa Neide,Feminino,PT,MT,CDHM - Tramitando em Conjunto,Câmara,Favorável
2019,PL,PL 3852/2019,"Altera o art. 12-A da Lei nº 11.340, de 7 de agosto de 2006 (Lei Maria da Penha), e dá outras providências.",43531,Professora Dorinha Seabra Rezende,Feminino,DEM,TO,CMULHER - Tramitando em Conjunto,Câmara,Favorável
2019,PL,PL 4023/2019,"Comina multa para o agressor de mulheres, alterando a Lei nº 11.340, de 7 de agosto de 2006.",43745,Rejane Dias,Feminino,PT,PI,CMULHER - Tramitando em Conjunto,Câmara,Desfavorável
2019,PL,PL 4258/2019,"Acrescenta dispositivo à Lei nº 11.340, de 7 de agosto de 2006, para dispor sobre o direito da mulher com deficiência auditiva que sofre violência doméstica ser atendida por interprete de LIBRAS (Língua Brasileira de Sinais)",43624,Luiz Lima,Masculino,PSL,RJ,CTASP - Tramitando em Conjunto,Câmara,Favorável
2019,PL,PL 4264/2019,"Acrescenta dispositivo à Lei nº 11.340, de 7 de agosto de 2006, a fim de dispor sobre o acesso prioritário para as mulheres em situação de violência doméstica e familiar nas ações integradas de orientação, recolocação e qualificação profissional implementadas pela União, Distrito Federal, Estados e Municípios.",43624,David Soares,Masculino,DEM,SP,CTASP - Tramitando em Conjunto,Câmara,Favorável
2019,PL,PL 4311/2019,"Altera a Lei n° 11.340, de 7 de agosto de 2006 - Lei Maria da Penha.",43654,Rosana Valle,Feminino,PSB,SP,CMULHER - Aguardando Parecer,Câmara,Desfavorável
2019,PL,PL 4374/2019,"Acrescenta o § 5º no art. 22 da Lei nº 11.340, de 7 de agosto de 2006, para determinar a apreensão da posse e suspensão do porte de armas, no caso de violência doméstica e familiar contra a mulher, seguida de lesão corporal ou grave ameaça.",43685,Wilson Santiago,Masculino,PTB,PB,CMULHER - Tramitando em Conjunto,Câmara,Desfavorável
2019,PL,PL 4474/2019,"Acrescenta art. 34-A à Lei nº 11.340, de 7 de agosto de 2006, para determinar que sejam providos preferencialmente por pessoas de sexo feminino cargos públicos alocados a estruturas mantidas pela administração pública voltadas ao atendimento de mulheres.",14/08/2019,Bosco Costa,Masculino,PL,SE,CMULHER - Tramitando em Conjunto,Câmara,Favorável
2019,PL,PL 4567/2019,"Acrescenta dispositivo à Lei nº 11.340/2006 - Lei Maria da Penha, para permitir que mulheres brasileiras, vítimas de violência doméstica no exterior, possam optar por seu domicilio original para os processos regidos por esta lei, e nele permanecer até a definição judicial.",20/08/2019,Marreca Filho,Masculino,PATRIOTA,MA,CMULHER - Tramitando em Conjunto,Câmara,Favorável
2019,PL,PL 4589/2019,"Acrescenta os incisos X e XI ao art. 8º e o inciso IV ao art. 18 da Lei nº 11.340, de 7 de agosto de 2006 - Lei Maria da Penha.",20/08/2019,Emanuel Pinheiro Neto,Masculino,PTB,MT,CCJC - Tramitando em Conjunto,Câmara,Desfavorável
2019,PL,PL 4609/2019,"Acrescenta o art. 6º-A à Lei no 11.340, de 7 de agosto de 2006, para sujeitar o agressor de violência doméstica e familiar ao pagamento de multa.",21/08/2019,Bosco Costa,Masculino,PL,SE,CMULHER - Tramitando em Conjunto,Câmara,Favorável
2019,PL,PL 4648/2019,"Obriga a criação das ""Patrulhas Maria da Penha"" nos Municípios com mais de 100.000 (cem mil) habitantes.",21/08/2019,Célio Studart,Masculino,PV,CE,Diversas,Câmara,Favorável
2019,PL,PL 4827/2019,"Altera a Lei nº 11.340, de 7 de agosto de 2006 (Lei Maria da Penha), para dispor sobre o uso de dispositivo móvel de segurança para conferir maior efetividade às medidas protetivas de urgência.",43533,Carmen Zanotto,Feminino,CIDADANIA,SC,CMULHER - Pronta para Pauta,Câmara,Desfavorável
2019,PL,PL 5254/2019,"Altera o art. 22 da Lei n° 11.340, de 7 de agosto de 2006, para possibilitar ao juiz submeter o agressor à monitoração eletrônica a fim de dar maior efetividade ao cumprimento de medidas protetivas de urgência nos casos de prática de violência doméstica e familiar contra a mulher.",25/09/2019,Edna Henrique,Feminino,PSDB,PB,CMULHER - Tramitando em Conjunto,Câmara,Favorável
2019,PL,PL 5386/2019,"Dispõe sobre a suspensão qualificada do processo, acrescentando dispositivos da Lei nº 11.340, de 7 de agosto de 2006 - Lei Maria da Penha, e dá outras providências.",43565,Emanuel Pinheiro Neto,Masculino,PTB,MT,CMULHER - Aguardando Designação de Relator,Câmara,Favorável
2019,PL,PL 5408/2019,"Altera o artigo 45 da Lei nº 10.741, de 1º de outubro de 2003, para dispor sobre a aplicação das medidas protetivas de urgência elencadas na Lei 11.340 de 7 de agosto de 2006 (Lei Maria da Penha) à pessoa idosa.",43687,Julio Cesar Ribeiro,Masculino,REPUBLIC,DF,CCJC - Tramitando em Conjunto,Câmara,Favorável
2019,PL,PL 5419/2019,"Altera a Lei n.º 11.340, de 7 de agosto de 2006 (Lei Maria da Penha) e o Decreto-Lei n.º 2.848, de 7 de dezembro de 1940 (Código Penal), a fim de aprimorar a legislação pátria quanto à violência patrimonial contra a mulher.",43687,Bosco Costa,Masculino,PL,SE,PLEN - Tramitando em Conjunto,Câmara,Favorável
2019,PL,PL 5535/2019,"Altera o art. 9º da Lei nº 11.340, de 07 de agosto de 2006, para assegurar à servidora pública em situação de violência doméstica e familiar, o afastamento remunerado por até seis meses.",15/10/2019,Rejane Dias,Feminino,PT,PI,Diversas,Câmara,Favorável
2019,PL,PL 5621/2019,"Acrescenta o inciso V ao art. 18 da Lei nº 11.340, de 7 de agosto de 2006 - Lei Maria da Penha.",23/10/2019,Emanuel Pinheiro Neto,Masculino,PTB,MT,CMULHER - Aguardando Parecer,Câmara,Desfavorável
2019,PL,PL 5678/2019,"Altera a Lei nº 8.213, de 24 de julho de 1991, e a Lei nº 11.340, de 7 de agosto de 2006, para dispor sobre a concessão de benefício previdenciário à mulher que for obrigada a se afastar do trabalho em razão de situação de violência doméstica.",24/10/2019,Dra. Soraya Manato,Feminino,PSL,ES,CTASP - Tramitando em Conjunto,Câmara,Favorável
2019,PL,PL 5945/2019,"Acrescenta art. 23-A à Lei nº 11.340, de 7 de agosto de 2006, para assegurar o direto de remoção a pedido às servidoras que sejam vítimas de violência doméstica e familiar, e dá outras providências",43810,Marcelo Brum,Masculino,PSL,RS,Diversas,Câmara,Favorável
2019,PL,PL 6010/2019,"Altera a Lei nº 11.340, de 7 de agosto de 2006 (Lei Maria da Penha), para determinar que, em casos de violência doméstica e familiar contra a mulher, a revogação da prisão preventiva e a liberação do agressor preso em flagrante por descumprir medida protetiva de urgência dependerão de laudo psicológico que verifique o grau de probabilidade de o agressor reincidir contra a ofendida ou outras mulheres.",18/11/2019,Senado Federal - Kátia Abreu,,PDT,TO,CMULHER - Tramitando em Conjunto,Câmara,#N/A
2019,PL,PL 6063/2019,"Altera a Lei nº 8.036, de 11 de maio de 1990, e a Lei nº 11.340, de 7 de agosto de 2006, a fim de possibilitar à mulher vítima de violência doméstica e familiar a movimentação de sua conta vinculada no Fundo de Garantia do Tempo de Serviço.",20/11/2019,Ronaldo Martins,Masculino,REPUBLIC,CE,CMULHER - Tramitando em Conjunto,Câmara,Favorável
2019,PL,PL 6115/2019,"Altera a Lei nº 11.340, de 7 de agosto de 2006, para promover a capacitação profissional de mulheres em situação de violência doméstica e familiar.",20/11/2019,Capitão Alberto Neto,Masculino,REPUBLIC,AM,CTASP - Tramitando em Conjunto,Câmara,Favorável
2019,PL,PL 6167/2019,"Altera as Leis n° 11.340, de 7 de agosto de 2006 (Lei Maria da Penha) e n° 8.213, de 24 de julho de 1991, para transformar o auxílio-doença em benefício por incapacidade temporária ao trabalho e regulamentar sua concessão a vítimas de violência doméstica que tenham que se afastar do local de trabalho.",26/11/2019,Cleber Verde,Masculino,REPUBLIC,MA,CTASP - Tramitando em Conjunto,Câmara,Desfavorável
2019,PL,PL 6298/2019,"Altera a Lei nº 11.340, de 7 de agosto de 2006 (Lei Maria da Penha), para determinar a aplicação do Formulário Nacional de Risco e Proteção à Vida (Frida).",43567,Elcione Barbalho,Feminino,MDB,PA,SECAP(SGM) - Aguardando Despacho do Presidente da Câmara dos Deputados,Câmara,Favorável
2019,PL,PL 6363/2019,"Dispõe sobre a criação de centros de atendimento integral e multidisciplinar para homens que praticam violência doméstica e familiar, aditando o inciso V, do art. 35 da Lei Federal n.º 11.340/2006.",43750,Patricia Ferraz,Feminino,PL,AP,CMULHER - Aguardando Designação de Relator,Câmara,Favorável
2019,PL,PL 6437/2019,"Altera o art. 23 da Lei nº 11.340, de 07 de agosto de 2006 e o art. 22 da Lei nº 8.742, de 07 de dezembro de 1993, para conceder o auxílio-vulnerabilidade para mulheres vítimas de violência familiar e doméstica, quando verificar a situação de dependência econômica da vítima em relação ao agressor afastado do lar.",43811,Francisco Jr.,Masculino,PSD,GO,PLEN - Tramitando em Conjunto,Câmara,Favorável
2019,PL,PL 6582/2019,"Altera a Lei nº 11.977, de 7 de julho de 2009, que dispõe sobre o Programa Minha Casa, Minha Vida, para incluir, entre os beneficiários de atendimento prioritário do programa, mulheres vítimas de violência doméstica ou familiar, atendidas no âmbito da Lei Maria da Penha.",18/12/2019,Fernando Rodolfo,Masculino,PL,PE,SECAP(SGM) - Aguardando Despacho do Presidente da Câmara dos Deputados,Câmara,Favorável